City_ID,City,Lat,Lng,Max Temp,Humidity,Cloudiness,Wind Speed,Country,Date
0,jumla,29.2747,82.1838,287.84,49,0,0.67,NP,1684715427
1,dunedin,-45.8742,170.5036,285.19,54,36,0.95,NZ,1684715427
2,port-vila,-17.7338,168.3219,298.93,83,100,1.03,VU,1684715428
3,blackmans bay,-43.0167,147.3167,288.22,69,100,3.66,AU,1684715429
4,keflavik,64.0049,-22.5624,277.1,87,75,6.17,IS,1684715429
5,tura,25.5198,90.2201,296.34,83,4,0.96,IN,1684715430
6,natal,-5.795,-35.2094,298.51,100,20,2.57,BR,1684715430
7,nacala,-14.5428,40.6728,294.59,95,6,1.84,MZ,1684715431
8,alofi,-19.0595,-169.9187,300.09,74,100,5.66,NU,1684715431
9,bethel,41.3712,-73.414,291.62,76,0,0.0,US,1684715364
10,pisco,-13.7,-76.2167,294.18,73,0,5.66,PE,1684715432
11,la passe,45.5549,-0.8967,288.7,95,82,2.87,FR,1684715432
12,laojunmiao,39.8333,97.7333,289.4,23,0,2.51,CN,1684715433
13,hirara,24.8,125.2833,302.07,89,75,8.23,JP,1684715434
14,puerto natales,-51.7236,-72.4875,273.63,85,61,2.5,CL,1684715434
15,isafjordur,66.0755,-23.124,276.85,71,75,4.81,IS,1684715435
16,vernon,50.2581,-119.2691,294.32,69,100,3.09,CA,1684715436
17,makoua,0.0069,15.6333,296.14,97,100,1.23,CG,1684715437
18,adamstown,-25.066,-130.1015,297.31,82,11,7.88,PN,1684715437
19,saipan,15.1355,145.701,304.54,100,75,8.75,MP,1684715437
20,howard springs,-12.497,131.047,295.83,31,5,5.15,AU,1684715437
21,lihue,21.9789,-159.3672,300.92,74,40,4.63,US,1684715388
22,olonkinbyen,70.9221,-8.7187,274.86,98,100,8.28,SJ,1684715438
23,avarua,-21.2078,-159.775,301.18,74,75,6.69,CK,1684715438
24,yellowknife,62.456,-114.3525,292.44,26,75,8.23,CA,1684715161
25,enewetak,11.3474,162.3373,300.9,79,51,5.52,MH,1684715439
26,aral,40.5156,81.2636,292.16,44,18,7.12,CN,1684715439
27,saint-philippe,-21.3585,55.7679,296.92,75,0,1.73,RE,1684715439
28,harnai,30.1005,67.9374,302.94,20,99,1.16,PK,1684715439
29,puerto quijarro,-17.7833,-57.7667,296.53,60,22,0.34,BO,1684715440
30,udachny,66.4167,112.4,274.51,46,100,3.44,RU,1684715440
31,ugoofaaru,5.6667,73.0,301.91,74,83,3.36,MV,1684715440
32,waitangi,-43.9535,-176.5597,286.38,77,1,4.47,NZ,1684715440
33,tsiombe,-25.3,45.4833,290.24,94,0,2.41,MG,1684715446
34,mersing,2.4312,103.8405,297.1,100,20,1.03,MY,1684715446
35,codrington,-38.2667,141.9667,286.71,69,25,5.02,AU,1684715446
36,vilyuysk,63.7553,121.6247,276.3,35,0,4.68,RU,1684715447
37,spring creek,40.7266,-115.5859,300.98,21,16,2.14,US,1684715156
38,ilulissat,69.2167,-51.1,270.16,74,100,2.57,GL,1684715447
39,st. john's,47.5649,-52.7093,284.14,83,75,10.29,CA,1684715407
40,malango,-2.9627,119.9001,296.87,84,87,0.87,ID,1684715447
41,palmas,-10.2128,-48.3603,296.31,65,0,1.29,BR,1684715448
42,bubaque,11.2833,-15.8333,300.17,75,23,5.04,GW,1684715448
43,invercargill,-46.4,168.35,283.98,79,80,3.36,NZ,1684715448
44,caleta de carquin,-11.0925,-77.6267,294.74,81,59,4.97,PE,1684715449
45,salahonda,2.1019,-78.7217,300.5,78,100,4.86,CO,1684715449
46,balcarce,-37.8462,-58.2552,291.15,76,100,4.47,AR,1684715449
47,thompson,55.7435,-97.8558,288.24,26,40,3.6,CA,1684715449
48,sitka,57.0531,-135.33,286.09,58,40,6.17,US,1684715450
49,gangapur,26.4833,76.7167,305.62,25,0,5.14,IN,1684715450
50,saldanha,-33.0117,17.9442,283.18,80,100,3.18,ZA,1684715450
51,grytviken,-54.2811,-36.5092,274.07,62,100,1.97,GS,1684715450
52,albany,42.6001,-73.9662,291.77,70,15,2.29,US,1684715237
53,punta arenas,-53.15,-70.9167,276.11,75,53,2.66,CL,1684715229
54,sola,-13.8833,167.55,302.52,89,75,0.0,VU,1684715451
55,san patricio,28.017,-97.5169,300.12,77,15,3.59,US,1684715451
56,hamilton,39.1834,-84.5333,296.62,47,0,4.12,US,1684715183
57,atafu village,-8.5421,-172.5159,301.91,76,83,4.45,TK,1684715452
58,broome,42.2506,-75.833,290.72,68,0,1.37,US,1684715452
59,al muwayh,22.4333,41.7583,297.13,21,0,3.92,SA,1684715452
60,margaret river,-33.95,115.0667,290.72,62,100,5.19,AU,1684715452
61,cam ranh,11.9214,109.1591,302.13,65,0,1.54,VN,1684715453
62,shahabad,27.65,79.95,304.19,16,31,3.44,IN,1684715453
63,ushuaia,-54.8,-68.3,274.96,69,40,3.6,AR,1684715453
64,bamyan,34.75,67.25,283.89,56,100,0.97,AF,1684715454
65,colonia,50.9333,6.95,291.38,88,31,0.51,DE,1684715296
66,carnarvon,-24.8667,113.6333,293.68,39,77,8.07,AU,1684715454
67,flying fish cove,-10.4217,105.6791,299.97,83,100,4.63,CX,1684715455
68,west island,-12.1568,96.8225,300.14,89,18,1.54,CC,1684715455
69,iqaluit,63.7506,-68.5145,266.0,62,75,6.17,CA,1684715455
70,lompoc,34.6391,-120.4579,291.4,85,100,3.6,US,1684715291
71,port lincoln,-34.7333,135.8667,289.36,50,95,1.59,AU,1684715456
72,port-aux-francais,-49.35,70.2167,279.72,90,100,12.18,TF,1684715456
73,palangkaraya,-2.2,113.8333,299.69,85,77,1.38,ID,1684715456
74,zhelezinka,53.54,75.3072,288.41,51,100,2.63,KZ,1684715457
75,puerto ayora,-0.7393,-90.3518,299.01,90,51,3.13,EC,1684715457
76,klyuchi,52.2667,79.1667,288.45,39,35,2.6,RU,1684715457
77,happy valley-goose bay,53.3168,-60.3315,275.32,93,100,2.57,CA,1684715457
78,edinburgh of the seven seas,-37.0676,-12.3116,288.52,81,49,9.56,SH,1684715458
79,shchekino,54.0092,37.5119,283.18,79,100,2.15,RU,1684715458
80,vorgashor,67.5833,63.95,275.76,99,24,3.0,RU,1684715458
81,manokwari,-0.8667,134.0833,300.96,69,98,1.82,ID,1684715459
82,bouarfa,32.53,-1.95,284.16,65,32,9.85,MA,1684715459
83,knyaze-volkonskoye,48.4642,135.4567,285.34,62,92,6.14,RU,1684715459
84,luganville,-15.5333,167.1667,300.42,84,100,2.53,VU,1684715459
85,ribeira grande,38.5167,-28.7,290.25,81,100,2.68,PT,1684715460
86,greci,45.1833,28.2333,288.31,94,32,2.91,RO,1684715460
87,taco pozo,-25.6167,-63.2833,291.15,93,100,1.82,AR,1684715460
88,bredasdorp,-34.5322,20.0403,283.49,72,100,1.96,ZA,1684715460
89,prince george,53.9166,-122.753,292.84,37,75,9.77,CA,1684715416
90,plettenberg bay,-34.0527,23.3716,285.2,77,43,2.24,ZA,1684715461
91,jamul,32.717,-116.8761,298.66,73,75,4.63,US,1684715461
92,ketchikan,55.3422,-131.6461,286.41,67,75,4.63,US,1684715462
93,los llanos de aridane,28.6585,-17.9182,290.01,75,75,2.57,ES,1684715462
94,hithadhoo,-0.6,73.0833,301.41,72,2,0.1,MV,1684715463
95,rawlins,41.7911,-107.2387,295.09,20,0,4.12,US,1684715463
96,whitehorse,60.7161,-135.0538,290.58,31,75,4.12,CA,1684715464
97,mareeba,-17.0,145.4333,297.31,62,45,3.36,AU,1684715464
98,aykhal,66.0,111.5,271.46,72,100,3.91,RU,1684715464
99,inhambane,-23.865,35.3833,293.92,91,0,3.07,MZ,1684715465
100,jamestown,42.097,-79.2353,289.95,55,0,2.06,US,1684715292
101,lebu,-37.6167,-73.65,284.17,85,16,1.21,CL,1684715466
102,makurazaki,31.2667,130.3167,293.51,71,75,2.67,JP,1684715466
103,sayat,38.7839,63.8803,295.08,22,100,4.49,TM,1684715467
104,minot,48.2325,-101.2963,296.27,43,0,5.14,US,1684715340
105,qaqortoq,60.7167,-46.0333,273.41,89,100,7.16,GL,1684715355
106,bikenibeu village,1.3673,173.1241,302.13,89,75,1.03,KI,1684715468
107,bilibino,68.0546,166.4372,280.33,57,100,8.12,RU,1684715469
108,heunghae,36.1125,129.3522,292.3,58,100,3.35,KR,1684715469
109,fonte boa,-2.4959,-66.2662,297.31,97,83,1.37,BR,1684715470
110,puerto san jose,13.9256,-90.8244,302.18,74,80,2.32,GT,1684715470
111,lodja,-3.4833,23.4333,294.37,97,100,0.44,CD,1684715471
112,iskateley,67.6803,53.1512,283.94,76,70,3.16,RU,1684715471
113,bengkulu,-3.8004,102.2655,299.67,77,89,1.15,ID,1684715472
114,port macquarie,-31.4333,152.9167,290.87,49,0,4.31,AU,1684715472
115,stanley,54.868,-1.6985,280.31,92,0,0.0,GB,1684715473
116,ghat,24.9647,10.1728,297.77,18,24,1.42,LY,1684715473
117,tokonou,9.65,-9.7833,295.27,88,100,1.8,GN,1684715473
118,yunyang,33.4474,112.7142,288.39,67,100,0.19,CN,1684715474
119,khandyga,62.6667,135.6,280.66,60,100,1.97,RU,1684715474
120,inarajan village,13.2736,144.7484,303.7,83,100,7.71,GU,1684715475
121,vilyuchinsk,52.9306,158.4028,277.3,95,100,2.54,RU,1684715475
122,orkney,-26.9802,26.6727,282.52,31,1,1.26,ZA,1684715475
123,pacific grove,36.6177,-121.9166,293.82,86,75,4.12,US,1684715422
124,murghob,38.1702,73.9667,273.83,51,7,2.19,TJ,1684715477
125,manaure,11.7751,-72.4445,300.42,83,100,4.87,CO,1684715477
126,longyearbyen,78.2186,15.6401,276.06,81,75,11.83,SJ,1684715478
127,kapuskasing,49.4169,-82.4331,282.2,37,20,3.09,CA,1684715478
128,sorong,-0.8833,131.25,301.3,75,57,4.47,ID,1684715479
129,kodiak,57.79,-152.4072,280.88,87,100,5.66,US,1684715480
130,kayangel,8.0823,134.7173,301.7,73,29,2.29,PW,1684715480
131,port mathurin,-19.6833,63.4167,297.74,74,10,1.28,MU,1684715481
132,vila velha,-20.3297,-40.2925,294.23,87,20,1.03,BR,1684715481
133,kavaratti,10.5669,72.642,302.77,73,90,5.63,IN,1684715482
134,georgetown,5.4112,100.3354,301.11,79,20,2.06,MY,1684715418
135,constantia,44.1833,28.65,287.53,87,14,5.49,RO,1684715483
136,yuzhno-kurilsk,44.0306,145.8556,284.17,84,45,0.3,RU,1684715484
137,ust-nera,64.5667,143.2,277.67,65,100,1.34,RU,1684715484
138,wailua homesteads,22.0669,-159.378,300.59,75,40,4.63,US,1684715485
139,gamba,-2.65,10.0,296.99,87,91,1.48,GA,1684715488
140,east london,-33.0153,27.9116,288.14,68,29,6.1,ZA,1684715489
141,papatowai,-46.5619,169.4708,284.23,64,100,3.77,NZ,1684715489
142,ulladulla,-35.35,150.4667,287.9,42,0,0.3,AU,1684715490
143,funafuti,-8.5243,179.1942,305.15,84,75,5.14,TV,1684715490
144,alice springs,-23.7,133.8833,285.9,62,0,3.09,AU,1684715437
145,college,64.8569,-147.8028,295.12,39,75,2.06,US,1684715396
146,veshenskaya,49.6303,41.7334,286.63,67,100,2.47,RU,1684715492
147,jabal os saraj,35.1183,69.2378,293.28,40,100,0.97,AF,1684715492
148,rabaul,-4.1967,152.1721,297.61,93,100,0.16,PG,1684715493
149,tralee,52.2704,-9.7026,283.97,95,100,2.48,IE,1684715493
150,ilomantsi,62.6716,30.9328,284.44,67,96,1.96,FI,1684715307
151,samana,19.2056,-69.3369,297.83,87,84,2.17,DO,1684715495
152,cockburn town,21.4612,-71.1419,299.86,77,100,3.65,TC,1684715495
153,cantley,53.5,-1.05,285.27,88,0,3.19,GB,1684715496
154,nizhneangarsk,55.7833,109.55,277.83,70,59,1.36,RU,1684715496
155,jiangzi,28.95,89.6333,276.46,53,98,1.6,CN,1684715497
156,malaya vishera,58.8454,32.2222,281.37,97,6,1.96,RU,1684715497
157,bintulu,3.1667,113.0333,298.38,100,40,2.57,MY,1684715498
158,ancud,-41.8697,-73.8203,280.01,89,100,1.27,CL,1684715498
159,weno,7.4515,151.8468,303.12,84,100,4.12,FM,1684715499
160,ierapetra,35.01,25.7353,291.01,80,81,6.71,GR,1684715499
161,black river,18.0264,-77.8487,300.07,80,14,1.26,JM,1684715499
162,belyy yar,53.6039,91.3903,286.09,44,0,2.0,RU,1684715500
163,borba,-4.3878,-59.5939,298.34,93,100,1.3,BR,1684715500
164,cabo san lucas,22.8909,-109.9124,306.32,31,0,5.14,MX,1684715500
165,lakatoro,-16.0999,167.4164,300.23,81,100,1.35,VU,1684715500
166,cuyo,10.8525,121.0086,301.76,74,100,2.83,PH,1684715501
167,qarchi gak,37.04,66.7889,300.49,19,99,2.24,AF,1684715501
168,santa ana,33.7456,-117.8678,303.93,73,40,4.63,US,1684715362
169,hawaiian paradise park,19.5933,-154.9731,299.88,81,75,4.63,US,1684715501
170,fort st. john,56.2499,-120.8529,296.09,33,75,6.17,CA,1684715502
171,nelson bay,-32.7167,152.15,288.77,62,0,4.47,AU,1684715502
172,barra do corda,-5.5,-45.25,297.38,81,7,0.86,BR,1684715502
173,utrik,11.2278,169.8474,301.13,82,100,6.5,MH,1684715502
174,kerikeri,-35.2268,173.9474,290.32,90,100,0.45,NZ,1684715503
175,terrace,54.5163,-128.6035,290.1,55,75,3.09,CA,1684715503
176,tocopilla,-22.092,-70.1979,292.16,70,17,3.7,CL,1684715503
177,port elizabeth,-33.918,25.5701,285.43,91,40,4.12,ZA,1684715504
178,mersa matruh,31.3525,27.2453,291.83,88,2,9.42,EG,1684715504
179,mohr,54.3528,9.7167,287.2,86,100,4.63,DE,1684715504
180,jalai nur,49.45,117.7,292.35,23,0,2.35,CN,1684715504
181,kanniyakumari,8.0833,77.5667,301.03,82,100,4.36,IN,1684715505
182,freetown,8.484,-13.2299,299.99,83,75,3.6,SL,1684715505
183,bandipura,34.4167,74.65,288.06,49,2,2.72,IN,1684715506
184,champerico,14.3,-91.9167,303.45,70,100,2.52,GT,1684715506
185,bentiu,9.2333,29.8333,302.94,35,88,1.05,SS,1684715506
186,taltal,-25.4,-70.4833,291.06,73,100,2.35,CL,1684715507
187,shevchenko,48.5,35.0,286.42,93,100,2.85,UA,1684715507
188,khovd,48.0056,91.6419,285.51,46,99,0.09,MN,1684715507
189,tiksi,71.6872,128.8694,265.02,81,13,2.07,RU,1684715508
190,dibba al-hisn,25.6196,56.2729,303.25,39,100,2.25,AE,1684715508
191,nuuk,64.1835,-51.7216,276.49,41,75,4.63,GL,1684715508
192,nova xavantina,-14.6667,-52.35,293.77,57,5,0.86,BR,1684715508
193,silopi,37.2497,42.4694,287.8,53,68,2.04,TR,1684715509
194,yanchep,-31.55,115.6833,291.22,41,58,5.48,AU,1684715509
195,anton lizardo,19.05,-95.9833,301.6,69,7,4.76,MX,1684715509
196,talnakh,69.4865,88.3972,273.82,100,100,3.0,RU,1684715509
197,burao,9.5221,45.5336,297.74,58,91,3.36,SO,1684715510
198,nurota,40.5614,65.6886,294.8,30,100,3.18,UZ,1684715510
199,holualoa,19.6228,-155.9522,300.25,81,75,5.14,US,1684715510
200,daru,-9.0763,143.2092,299.2,79,100,8.64,PG,1684715510
201,dudinka,69.4058,86.1778,274.05,100,100,6.62,RU,1684715511
202,fuding,27.3273,120.214,298.93,90,96,0.61,CN,1684715511
203,lazaro cardenas,17.9583,-102.2,301.9,76,37,2.34,MX,1684715511
204,severo-yeniseyskiy,60.3725,93.0408,278.94,87,95,2.35,RU,1684715511
205,conceicao do araguaia,-8.2578,-49.2647,299.22,72,100,1.14,BR,1684715512
206,kurchatov,51.6601,35.6521,287.38,77,100,3.84,RU,1684715512
207,marsh harbour,26.5412,-77.0636,299.13,72,9,5.47,BS,1684715512
208,berezovyy,51.6667,135.7,288.02,49,34,2.67,RU,1684715513
209,murzuq,25.9155,13.9184,296.66,17,100,3.82,LY,1684715513
210,westerland,54.9079,8.3033,288.16,88,75,6.17,DE,1684715513
211,sibolga,1.7427,98.7792,299.61,84,49,0.88,ID,1684715513
212,marovoay,-16.1,46.6333,293.48,84,4,0.73,MG,1684715513
213,ghanzi,-21.5667,21.7833,290.32,34,0,3.63,BW,1684715514
214,haiku-pauwela,20.9219,-156.3051,302.16,51,20,11.32,US,1684715514
215,sur,22.5667,59.5289,304.8,49,100,5.67,OM,1684715514
216,nemuro,43.3236,145.575,282.77,86,80,1.93,JP,1684715514
217,selfoss,63.9331,-20.9971,274.84,71,100,10.75,IS,1684715515
218,manta,-0.95,-80.7333,299.03,78,20,4.63,EC,1684715515
219,maragogi,-9.0122,-35.2225,297.36,90,10,1.9,BR,1684715515
220,nogliki,51.8333,143.1667,275.86,89,100,5.17,RU,1684715516
221,labin,45.095,14.1197,292.29,67,0,4.8,HR,1684715516
222,yulinshi,38.2906,109.7494,287.6,27,5,4.87,CN,1684715516
223,antsiranana,-12.2787,49.2917,295.29,92,100,2.37,MG,1684715516
224,port douglas,-16.4833,145.4667,297.47,55,78,8.73,AU,1684715517
225,rampur,28.8167,79.0333,302.39,16,0,3.25,IN,1684715517
226,mokhsogollokh,61.4681,128.9203,276.42,44,100,4.82,RU,1684715517
227,crane,31.3974,-102.3501,299.43,41,4,5.55,US,1684715518
228,kargasok,59.0556,80.8572,286.82,53,10,3.17,RU,1684715518
229,lisakovsk,52.5369,62.4936,286.65,56,9,2.82,KZ,1684715518
230,urcos,-13.6861,-71.6228,289.09,83,99,2.14,PE,1684715518
231,zavolzhsk,57.4823,42.1378,284.27,96,34,2.17,RU,1684715519
232,puerto baquerizo moreno,-0.9,-89.6,298.01,78,8,4.39,EC,1684715519
233,kulhudhuffushi,6.6221,73.07,302.08,73,35,4.03,MV,1684715519
234,puerto madero,14.7208,-92.4215,303.26,74,75,0.0,MX,1684715520
235,potosi,-19.5836,-65.7531,278.58,19,0,2.42,BO,1684715520
236,salalah,17.0151,54.0924,302.2,79,20,2.57,OM,1684715520
237,aripuana,-9.1667,-60.6333,300.15,67,100,0.55,BR,1684715520
238,vacha,55.8008,42.7706,284.11,87,100,2.62,RU,1684715521
239,antonio enes,-16.2325,39.9086,296.05,85,0,0.51,MZ,1684715521
240,mount gambier,-37.8333,140.7667,287.44,62,23,4.05,AU,1684715521
241,malvan,16.0667,73.4667,301.05,78,62,1.58,IN,1684715521
242,nova sintra,14.8667,-24.7167,293.56,79,82,8.2,CV,1684715522
243,bokovskaya,49.229,41.8306,287.49,71,100,2.77,RU,1684715523
244,geraldton,-28.7667,114.6,288.38,44,96,9.26,AU,1684715490
245,el granada,37.5027,-122.4694,301.44,78,100,9.26,US,1684715384
246,poronaysk,49.2167,143.1167,276.24,98,100,7.03,RU,1684715524
247,mary,37.0,62.5,298.33,20,93,4.66,TM,1684715525
248,zaozersk,69.4005,32.4476,281.63,83,25,3.31,RU,1684715525
249,north bend,43.4065,-124.2243,289.4,77,100,9.26,US,1684715526
250,yanykurgan,43.915,67.2481,294.42,31,6,3.52,KZ,1684715527
251,key biscayne,25.6937,-80.1628,300.94,81,28,1.34,US,1684715527
252,lorengau,-2.0226,147.2712,302.25,72,89,4.19,PG,1684715528
253,tazovsky,67.4667,78.7,274.78,91,100,5.68,RU,1684715529
254,dzhangala,49.2167,50.3333,288.5,61,100,6.33,KZ,1684715530
255,chonchi,-42.6128,-73.8092,279.33,93,88,0.42,CL,1684715530
256,palikir - national government center,6.9248,158.1611,302.56,84,100,1.54,FM,1684715531
257,javanrud,34.7961,46.5172,286.26,66,46,1.36,IR,1684715531
258,la'ie,21.6477,-157.9253,304.13,70,65,6.47,US,1684715318
259,yelm,46.942,-122.606,291.06,54,100,5.66,US,1684715424
260,buchanan,5.8808,-10.0467,300.06,81,93,2.49,LR,1684715533
261,walvis bay,-22.9575,14.5053,284.68,87,0,2.06,NA,1684715533
262,masina,-4.3836,15.3914,295.83,96,100,0.55,CD,1684715534
263,ericeira,38.9627,-9.4156,290.57,88,100,2.71,PT,1684715535
264,berdigestyakh,62.0989,126.6992,274.98,48,100,5.31,RU,1684715535
265,uturoa,-16.7333,-151.4333,300.59,75,2,2.48,PF,1684715536
266,beloyarskiy,63.7119,66.6722,282.78,68,0,1.09,RU,1684715536
267,churapcha,62.0025,132.4325,276.26,50,89,4.93,RU,1684715537
268,shingu,33.7333,135.9833,297.43,61,19,2.2,JP,1684715537
269,gaspe,48.8334,-64.4819,285.1,62,20,6.17,CA,1684715404
270,cole harbour,44.6724,-63.4751,284.92,94,100,1.03,CA,1684715538
271,mar del plata,-38.0023,-57.5575,290.98,94,100,7.2,AR,1684715539
272,kingston,17.997,-76.7936,299.68,93,40,1.03,JM,1684715478
273,chibougamau,49.9168,-74.3659,274.94,48,75,2.57,CA,1684715540
274,sandnessjoen,66.0217,12.6316,280.44,93,64,0.89,NO,1684715540
275,luderitz,-26.6481,15.1594,287.5,59,100,4.51,NA,1684715541
276,aasiaat,68.7098,-52.8699,267.44,80,97,1.74,GL,1684715542
277,tondano,1.3038,124.9112,299.2,70,98,1.81,ID,1684715542
278,karymskoye,51.6167,114.35,290.28,28,0,3.33,RU,1684715542
279,okha,53.5739,142.9478,277.28,82,96,5.31,RU,1684715535
280,garhiyasin,27.9069,68.511,303.16,53,7,4.79,PK,1684715543
281,gus'-khrustal'nyy,55.6111,40.6519,285.49,96,100,2.04,RU,1684715544
282,alakurtti,66.9672,30.3491,284.36,75,100,0.45,RU,1684715544
283,sampit,-2.5333,112.95,299.7,92,12,1.51,ID,1684715545
284,kone,-21.0595,164.8658,298.31,50,96,4.64,NC,1684715545
285,dachne,44.8833,34.9833,287.75,96,100,3.31,UA,1684715546
286,valparaiso,-33.0393,-71.6273,287.33,86,100,6.14,CL,1684715448
287,chui,-33.6971,-53.4616,290.71,95,100,2.58,UY,1684715347
288,roma,43.2128,-75.4557,290.23,69,0,1.54,US,1684715548
289,mirante do paranapanema,-22.2919,-51.9064,290.15,72,100,2.74,BR,1684715549
290,kazanskoye,55.6448,69.235,287.27,61,58,2.15,RU,1684715549
291,franklin,39.9667,-83.0166,295.68,46,20,3.09,US,1684715037
292,cabedelo,-6.9811,-34.8339,298.52,85,8,4.09,BR,1684715550
293,batticaloa,7.7102,81.6924,300.27,82,96,1.33,LK,1684715551
294,ar ruways,24.1103,52.7306,303.41,48,5,1.94,AE,1684715551
295,visby,57.6409,18.296,283.27,62,39,3.09,SE,1684715471
296,koson,39.0375,65.585,294.33,29,100,4.82,UZ,1684715552
297,long beach,33.767,-118.1892,299.81,78,0,8.23,US,1684715553
298,colchani,-20.3,-66.9333,276.99,27,0,3.17,BO,1684715553
299,helena valley west central,46.6629,-112.0604,298.64,24,0,5.66,US,1684715554
300,dickinson,29.4608,-95.0513,299.91,76,75,3.09,US,1684715414
301,valley city,46.9233,-98.0032,297.44,35,0,3.09,US,1684715515
302,sinan,34.8262,126.1086,290.21,75,100,4.17,KR,1684715555
303,mariental,-24.6333,17.9667,287.78,24,3,2.99,NA,1684715555
304,laibin,23.7,109.2667,302.88,75,5,5.22,CN,1684715556
305,ola,59.5833,151.2833,278.23,80,72,1.52,RU,1684715557
306,miles city,46.4083,-105.8406,297.69,43,0,0.0,US,1684715558
307,ebon,4.582,168.6964,301.09,80,100,7.43,MH,1684715558
308,polyarnyy,69.1989,33.4478,280.81,88,99,3.82,RU,1684715558
309,saint-pierre,-21.3393,55.4781,296.97,69,0,3.09,RE,1684715559
310,yonan-up,37.9089,126.1611,291.53,53,100,2.18,KP,1684715559
311,wenchang,30.904,118.4887,287.32,86,100,3.27,CN,1684715559
312,el abiodh sidi cheikh,32.893,0.5484,290.85,39,88,1.39,DZ,1684715560
313,lerwick,60.1545,-1.1494,279.15,81,90,2.8,GB,1684715560
314,kidal,18.4411,1.4078,305.57,19,86,5.79,ML,1684715560
315,kolonia town,6.964,158.206,303.15,84,100,1.54,FM,1684715560
316,fort bragg,35.139,-79.006,294.9,78,0,0.0,US,1684715519
317,skagen,57.7209,10.5839,285.67,91,63,2.68,DK,1684715561
318,akrehamn,59.2667,5.1833,283.38,93,22,2.57,NO,1684715561
319,aginskoye,51.1,114.53,289.99,27,0,4.49,RU,1684715561
320,smithers,54.7804,-127.1743,289.33,51,100,6.69,CA,1684715562
321,springs,-26.25,28.4,284.02,62,4,1.61,ZA,1684715562
322,westport,41.1415,-73.3579,292.17,71,0,3.09,US,1684715562
323,timimoun,29.2639,0.231,297.36,9,0,3.6,DZ,1684715563
324,kristiansund,63.1115,7.732,282.51,81,73,1.54,NO,1684715563
325,port alfred,-33.5906,26.891,288.26,68,58,3.83,ZA,1684715563
326,remire-montjoly,4.9167,-52.2667,298.17,94,75,2.06,GF,1684715563
327,gokwe,-18.2048,28.9349,286.59,56,8,2.02,ZW,1684715564
328,bayanhongor,46.7167,100.1167,280.87,19,100,3.38,MN,1684715564
329,vila franca do campo,37.7167,-25.4333,290.38,76,98,3.78,PT,1684715564
330,mili,6.0815,171.735,301.48,80,100,6.61,MH,1684715565
331,acapulco de juarez,16.8634,-99.8901,303.05,74,75,2.57,MX,1684715410
332,waddan,29.1614,16.139,291.94,58,0,2.78,LY,1684715565
333,gordonvale,-17.0936,145.7842,299.79,66,78,4.54,AU,1684715565
334,campbell river,50.0163,-125.2446,290.89,55,75,4.12,CA,1684715566
335,micheweni,-4.9667,39.8333,298.24,86,14,2.95,TZ,1684715566
336,saudarkrokur,65.7461,-19.6394,276.25,69,84,7.94,IS,1684715566
337,keelung,25.1283,121.7419,303.74,78,100,1.13,TW,1684715567
338,san antonio de pale,-1.4014,5.6325,299.44,71,94,4.41,GQ,1684715567
339,horta,38.5333,-28.6333,289.83,81,100,2.68,PT,1684715567
340,nahiyat al fuhud,30.9697,46.7228,303.04,18,20,3.58,IQ,1684715567
341,vadso,70.0744,29.7487,282.64,71,75,3.6,NO,1684715568
342,la huerta,19.4667,-104.65,300.42,48,2,2.07,MX,1684715568
343,new norfolk,-42.7826,147.0587,288.87,66,100,1.79,AU,1684715568
344,callao,-12.0667,-77.15,295.77,73,75,5.14,PE,1684715550
345,hoopstad,-27.8327,25.9083,282.34,34,6,1.34,ZA,1684715569
346,emerald,-23.5333,148.1667,291.67,41,0,7.88,AU,1684715501
347,tuma,55.148,40.5537,285.48,97,100,2.29,RU,1684715569
348,hasaki,35.7333,140.8333,297.2,85,100,3.88,JP,1684715569
349,queenstown,-31.8976,26.8753,277.32,86,95,0.71,ZA,1684715570
350,caxias,38.7031,-9.2767,290.64,75,0,2.24,PT,1684715570
351,novodvinsk,64.4165,40.8122,286.98,62,100,1.1,RU,1684715570
352,huangyan,28.6478,121.2594,297.58,80,49,1.49,CN,1684715571
353,kudahuvadhoo,2.6708,72.8944,301.59,72,8,2.94,MV,1684715571
354,middelburg,-25.7751,29.4648,282.05,40,0,2.4,ZA,1684715571
355,lai chau,22.3997,103.4517,300.09,46,0,1.45,VN,1684715571
356,vilhena,-12.7406,-60.1458,295.32,73,7,0.45,BR,1684715572
357,brookings,44.3114,-96.7984,300.15,36,75,2.57,US,1684715283
358,badger,64.8,-147.5333,295.08,35,0,2.06,US,1684715572
359,hermanus,-34.4187,19.2345,285.15,73,100,4.71,ZA,1684715573
360,tokmok,42.8417,75.3016,286.56,85,100,0.66,KG,1684715573
361,namibe,-15.1961,12.1522,293.01,82,10,1.75,AO,1684715573
362,dwarka,22.2394,68.9678,301.16,77,10,5.3,IN,1684715574
363,santiago,-33.4569,-70.6483,287.2,68,75,4.63,CL,1684715548
364,celanova,42.153,-7.9551,284.7,92,31,1.06,ES,1684715574
365,payyannur,12.1,75.2,298.39,79,21,1.97,IN,1684715574
366,christchurch,-43.5333,172.6333,286.99,83,97,2.06,NZ,1684715566
367,papao,-17.75,-149.55,302.97,78,0,4.75,PF,1684715575
368,bargaal,11.2864,51.0773,300.71,85,94,4.25,SO,1684715575
369,hiratacho,35.4333,132.8167,294.13,73,75,2.06,JP,1684715575
370,guadalajara,20.6667,-103.3333,303.02,21,75,2.06,MX,1684715287
371,woolgoolga,-30.1106,153.2007,291.51,50,0,5.19,AU,1684715576
372,nagar karnul,16.4821,78.3247,301.09,62,41,0.69,IN,1684715576
373,bagayevskaya,47.32,40.38,288.66,69,98,4.5,RU,1684715577
374,taquari,-29.7997,-51.8644,290.54,76,100,2.8,BR,1684715577
375,sinabang,2.4803,96.3801,300.98,78,97,2.05,ID,1684715577
376,palmer,42.1584,-72.3287,291.9,71,40,2.06,US,1684715442
377,nyurba,63.2842,118.3319,276.9,44,6,2.84,RU,1684715578
378,pinotepa nacional,16.3167,-98.0167,302.11,61,96,2.26,MX,1684715578
379,arno,60.1167,18.6333,283.03,72,95,2.56,SE,1684715578
380,praia da vitoria,38.7333,-27.0667,290.29,82,40,4.77,PT,1684715579
381,el casar,38.5309,-5.9251,286.3,72,100,2.86,ES,1684715579
382,dongola,19.1667,30.4833,302.85,12,95,3.55,SD,1684715579
383,hammerfest,70.6634,23.6821,280.4,76,20,3.09,NO,1684715579
384,ahiri,19.4,80.0167,303.39,56,1,2.66,IN,1684715580
385,nar'yan-mar,67.6713,53.087,284.03,75,71,3.19,RU,1684715580
386,afaahiti,-17.75,-149.2833,302.08,75,0,1.4,PF,1684715580
387,al jawf,29.5,38.75,296.53,24,0,2.71,SA,1684715580
388,santa rosa,14.3122,121.1114,305.98,75,34,1.55,PH,1684715581
389,"laikit, laikit ii (dimembe)",1.4792,124.9735,301.62,74,20,1.54,ID,1684715581
390,karratha,-20.7377,116.8463,293.56,34,16,9.27,AU,1684715581
391,la mira,18.035,-102.3266,301.82,76,17,2.27,MX,1684715582
392,guerrero negro,27.9769,-114.0611,291.32,72,89,7.24,MX,1684715582
393,miri,4.4148,114.0089,297.23,100,40,2.06,MY,1684715583
394,inirida,3.8653,-67.9239,297.12,96,100,0.71,CO,1684715584
395,seven pagodas,12.6264,80.1722,303.18,84,0,5.68,IN,1684715584
396,okhotsk,59.3833,143.3,275.81,85,100,8.1,RU,1684715585
397,slawno,54.3628,16.6789,285.2,82,99,3.13,PL,1684715585
398,galesong,-5.3166,119.3661,298.16,73,5,2.99,ID,1684715586
399,san luis de la loma,17.2706,-100.8939,302.29,72,90,1.88,MX,1684715586
400,hangu,39.2489,117.7892,293.17,30,5,0.94,CN,1684715587
401,mount pearl,47.5166,-52.7813,283.68,83,75,10.29,CA,1684715587
402,wamba,8.9333,8.6,296.91,88,100,1.55,NG,1684715588
403,hadibu,12.65,54.0333,301.97,67,58,2.2,YE,1684715588
404,fale old settlement,-9.3852,-171.2468,301.87,76,48,4.37,TK,1684715588
405,nabire,-3.3667,135.4833,303.06,67,22,1.63,ID,1684715589
406,nizhniy kuranakh,58.8353,125.4869,277.7,65,84,2.81,RU,1684715589
407,yarmouth,41.7057,-70.2286,289.8,82,0,2.06,US,1684715554
408,coquimbo,-29.9533,-71.3436,288.0,82,100,2.06,CL,1684715590
409,chishmy,54.5765,55.3764,280.28,57,2,0.88,RU,1684715590
410,al markaz,25.4,49.7333,301.48,33,1,4.23,SA,1684715591
411,missoula,47.0166,-113.8009,286.37,77,94,2.49,US,1684715592
412,passos,-20.7189,-46.6097,287.63,72,100,1.09,BR,1684715592
413,argo,37.6333,22.7333,289.7,88,93,1.34,GR,1684715593
414,cidreira,-30.1811,-50.2056,292.34,79,100,2.23,BR,1684715593
415,tinghir,31.5157,-5.5343,285.4,37,0,3.93,MA,1684715594
416,sarmiento,-45.5882,-69.07,279.41,43,55,9.55,AR,1684715594
417,baise city,23.8997,106.6133,306.12,99,0,0.87,CN,1684715595
418,nyaunglebin,17.95,96.7333,301.53,77,75,2.21,MM,1684715595
419,fortuna,40.5982,-124.1573,288.34,84,100,6.17,US,1684715596
420,jeypore,18.85,82.5833,300.57,57,41,2.1,IN,1684715596
421,hengchun,22.0042,120.7439,301.44,81,5,8.23,TW,1684715455
422,morondava,-20.2833,44.2833,294.77,62,2,4.18,MG,1684715597
423,mugia,43.1041,-9.2179,289.35,90,99,9.79,ES,1684715598
424,amos,48.5669,-78.1162,275.38,50,0,2.42,CA,1684715404
425,brisas de zicatela,15.8369,-97.0419,304.44,58,40,1.54,MX,1684715599
426,pryvillya,49.015,38.3046,286.4,87,79,2.48,UA,1684715599
427,biltine,14.5333,20.9167,303.36,39,8,1.99,TD,1684715600
428,klimovo,52.3805,32.1923,282.01,83,60,2.39,RU,1684715600
429,prince rupert,54.3161,-130.3201,284.2,77,100,9.26,CA,1684715600
430,cururupu,-1.8283,-44.8683,297.43,97,100,1.38,BR,1684715601
431,retreat,38.8245,-85.8533,296.37,74,0,1.78,US,1684715601
432,siracusa,37.0881,15.2792,289.8,85,100,0.75,IT,1684715602
433,bloemfontein,-29.1211,26.214,277.86,75,7,2.06,ZA,1684715602
434,khabary,53.6259,79.5345,287.53,49,50,3.54,RU,1684715603
435,new shagunnu,10.3396,4.4688,300.82,74,100,2.52,NG,1684715603
436,selma,36.5708,-119.6121,308.34,26,0,2.06,US,1684715502
437,reggane,26.7158,0.1714,297.84,9,0,5.17,DZ,1684715604
438,urucara,-2.5364,-57.76,297.29,97,83,0.6,BR,1684715604
439,puerto la cruz,10.2167,-64.6167,299.35,83,100,0.31,VE,1684715495
440,juneau,58.3019,-134.4197,285.15,100,75,6.17,US,1684715574
441,siwa oasis,29.2041,25.5195,295.77,42,0,4.2,EG,1684715606
442,zayed city,24.3768,54.589,304.82,70,0,3.09,AE,1684715606
443,kot diji,27.3427,68.7083,303.16,63,11,7.2,PK,1684715607
444,balao,-2.9167,-79.8167,298.29,88,100,1.74,EC,1684715607
445,buka,40.8108,69.1986,293.12,35,25,1.24,UZ,1684715608
446,tekkali,18.6167,84.2333,301.04,80,0,3.63,IN,1684715608
447,ixtapa,20.7,-105.2,302.72,79,20,4.63,MX,1684715609
448,kigoma,-4.8769,29.6267,296.67,77,100,1.12,TZ,1684715609
449,kailua-kona,19.6406,-155.9956,301.76,82,75,5.14,US,1684715609
450,verkhnevilyuysk,63.4453,120.3167,276.22,46,6,3.38,RU,1684715610
451,ivdel',60.6911,60.4206,285.82,85,100,1.52,RU,1684715610
452,olinda,-8.0089,-34.8553,297.0,88,75,2.57,BR,1684715611
453,priozersk,61.0393,30.1291,284.88,89,100,1.51,RU,1684715611
454,alzamay,55.5562,98.6644,288.21,41,91,1.78,RU,1684715612
455,yeppoon,-23.1333,150.7333,293.03,47,0,6.09,AU,1684715612
456,ardakan,32.31,54.0175,295.45,39,95,0.48,IR,1684715612
457,egilsstadir,65.2653,-14.3948,280.1,61,75,9.26,IS,1684715613
458,nova vicosa,-17.8919,-39.3719,296.3,69,50,4.01,BR,1684715613
459,port blair,11.6667,92.75,301.22,74,27,3.42,IN,1684715339
460,thunder bay,48.4001,-89.3168,285.14,43,40,2.57,CA,1684715543
461,turpan,42.9333,89.1667,299.0,27,0,0.78,CN,1684715614
462,kill devil hills,36.0307,-75.676,291.47,77,0,2.57,US,1684715615
463,mossel bay,-34.1831,22.146,286.46,66,10,1.72,ZA,1684715615
464,hovd,48.0056,91.6419,285.51,46,99,0.09,MN,1684715507
465,whistler,50.1164,-122.9695,291.72,45,75,1.54,CA,1684715616
466,sturgis,41.7992,-85.4192,295.04,24,0,2.06,US,1684715617
467,odacho-oda,35.1833,132.5,293.58,74,83,3.44,JP,1684715617
468,eydhafushi,5.1033,73.0708,301.63,74,95,3.33,MV,1684715618
469,gadzhiyevo,69.2551,33.3362,280.64,88,98,4.02,RU,1684715618
470,harstad,68.799,16.5293,280.26,93,100,5.81,NO,1684715618
471,aras-asan,8.8908,126.3033,302.02,70,44,0.18,PH,1684715619
472,carutapera,-1.195,-46.02,298.07,93,100,2.98,BR,1684715619
473,sabha,27.0377,14.4283,295.37,18,0,2.77,LY,1684715619
474,mitu,1.1983,-70.1733,297.25,94,96,0.92,CO,1684715620
475,along,28.1667,94.7667,294.32,85,79,0.34,IN,1684715620
476,sparti,37.0733,22.4297,289.23,94,95,1.05,GR,1684715620
477,ust'-uda,54.1742,103.0304,287.43,50,17,1.83,RU,1684715603
478,hyesan,41.4017,128.1778,287.72,50,6,1.22,KP,1684715621
479,cedeira,43.6797,-8.0209,287.58,86,94,8.48,ES,1684715621
480,petropavlovsk-kamchatsky,53.0452,158.6483,276.48,93,75,4.0,RU,1684715621
481,umm ruwaba,12.9061,31.2158,299.89,8,0,3.99,SD,1684715621
482,swakopmund,-22.6833,14.5333,284.62,79,0,1.59,NA,1684715622
483,inongo,-1.95,18.2667,295.33,92,100,0.41,CD,1684715622
484,zeya,53.75,127.2667,291.2,39,15,4.98,RU,1684715622
485,porto novo,6.4965,2.6036,301.05,91,100,1.73,BJ,1684715622
486,mosty,53.4122,24.5387,282.72,80,12,1.98,BY,1684715623
487,bima,-8.4667,118.7167,300.84,68,25,1.64,ID,1684715623
488,zhangatas,43.5667,69.75,290.78,46,24,1.85,KZ,1684715623
489,rajin,42.2489,130.3003,292.68,39,0,4.14,KP,1684715624
490,oxelosund,58.6706,17.1015,282.36,87,0,1.03,SE,1684715624
491,nazyvayevsk,55.5698,71.3529,288.27,58,76,1.39,RU,1684715624
492,souillac,-20.5167,57.5167,294.36,94,20,1.54,MU,1684715624
493,aljezur,37.3191,-8.8033,287.73,86,96,0.53,PT,1684715625
494,mogadishu,2.0371,45.3438,299.48,84,31,3.28,SO,1684715546
495,el nido,11.1858,119.3956,302.12,70,32,1.78,PH,1684715625
496,qashyr,53.0675,76.1036,288.96,44,52,2.3,KZ,1684715625
497,tolanaro,-25.0319,46.9987,291.3,86,0,2.88,MG,1684715626
498,tshabong,-26.05,22.45,284.86,28,4,3.18,BW,1684715626
499,cill airne,52.05,-9.5167,284.03,98,100,1.7,IE,1684715626
500,gumi,36.1136,128.336,291.9,63,100,1.72,KR,1684715626
501,poletayevo,55.0336,61.1138,282.05,49,10,1.5,RU,1684715627
502,san sebastian de la gomera,28.0916,-17.1133,293.36,55,0,3.09,ES,1684715627
503,meadow lakes,61.6247,-149.6011,288.14,46,75,2.57,US,1684715627
504,castillos,-34.1667,-53.8333,290.46,95,100,2.86,UY,1684715627
505,cerro azul,21.2,-97.7333,297.74,74,79,3.37,MX,1684715628
506,saint-francois,46.4154,3.9054,287.97,100,100,1.03,FR,1684715628
507,agua prieta,31.3,-109.5667,304.59,7,0,6.69,MX,1684715628
508,al matlin,37.2452,10.05,289.92,85,92,8.38,TN,1684715628
509,nkhotakota,-12.9274,34.2961,293.69,78,3,2.27,MW,1684715629
510,ilhabela,-23.7781,-45.3581,292.97,80,100,2.17,BR,1684715629
511,kenai,60.5544,-151.2583,285.2,53,0,7.72,US,1684715629
512,altay,47.8667,88.1167,283.85,81,100,0.99,CN,1684715629
513,labuan,5.2767,115.2417,302.35,79,20,0.51,MY,1684715630
514,ingeniero guillermo n. juarez,-23.9,-61.85,291.21,96,75,2.04,AR,1684715630
515,bedele,8.456,36.353,287.52,91,100,0.31,ET,1684715630
516,puerto armuelles,8.2833,-82.8667,298.14,96,100,1.81,PA,1684715630
517,awjilah,29.1081,21.2869,292.87,50,0,1.92,LY,1684715631
518,lakeview,42.432,-75.8655,290.01,74,0,1.61,US,1684715631
519,acajutla,13.5928,-89.8275,302.2,76,100,3.02,SV,1684715631
520,susuman,62.7833,148.1667,276.69,61,100,3.73,RU,1684715631
521,likisa,-8.6695,125.6875,293.16,66,26,0.85,TL,1684715632
522,nizhneudinsk,54.9076,99.0276,288.31,34,99,1.7,RU,1684715544
523,lobito,-12.3481,13.5456,296.28,87,71,2.75,AO,1684715632
524,amga,60.8953,131.9608,277.62,44,62,4.4,RU,1684715596
525,mvurwi,-17.0333,30.85,286.57,80,5,0.93,ZW,1684715633
526,anadyr,64.75,177.4833,275.43,93,20,2.0,RU,1684715633
527,shira,54.4911,89.9531,285.79,45,36,2.17,RU,1684715633
528,asau,46.4333,26.4,283.86,91,73,2.22,RO,1684715634
529,touros,-5.1989,-35.4608,298.37,89,5,4.24,BR,1684715634
530,plastun,44.7561,136.2939,283.68,77,99,2.06,RU,1684715634
531,kayes,14.0,-11.0,305.96,40,100,0.66,ML,1684715634
532,gubkinskiy,64.434,76.5026,277.01,64,7,1.93,RU,1684715635
533,agat village,13.3886,144.6585,303.68,77,20,6.69,GU,1684715635
534,fada,9.5667,8.3,294.44,91,100,1.7,NG,1684715635
535,nagaoka,37.45,138.85,293.32,66,100,1.94,JP,1684715636
536,rio grande,-32.035,-52.0986,291.21,93,100,2.97,BR,1684715636
537,dryden,49.7833,-92.7503,289.31,39,0,3.6,CA,1684715636
538,malpura,26.2833,75.3833,304.01,29,0,6.66,IN,1684715636
539,blagodarnyy,45.0978,43.4364,287.95,89,100,2.8,RU,1684715636
540,yangambi,0.8102,24.4336,294.44,99,100,1.0,CD,1684715637
541,formosa,-26.1775,-58.1781,292.14,94,100,2.06,AR,1684715637
542,sweet home,44.3976,-122.7362,292.54,63,93,0.45,US,1684715637
543,ust'-ilimsk,58.0006,102.6619,286.97,69,97,2.3,RU,1684715409
544,wangkui,46.8333,126.5,293.48,24,6,2.55,CN,1684715638
545,havran,39.5583,27.0983,288.94,77,0,5.14,TR,1684715638
546,saint-joseph,-21.3667,55.6167,296.36,74,0,1.93,RE,1684715638
547,zahedan,29.4963,60.8629,298.1,31,75,2.06,IR,1684715639
548,privolzhsk,57.3808,41.2886,284.05,94,25,2.52,RU,1684715639
549,yoloten,37.2989,62.3597,298.76,21,89,4.62,TM,1684715639
550,inhambupe,-11.7844,-38.3531,293.98,96,34,2.92,BR,1684715639
551,gogolin,50.4922,18.0199,287.86,84,99,2.63,PL,1684715640
552,umm kaddadah,13.6017,26.6876,302.39,12,5,4.21,SD,1684715640
553,ban selaphum,16.0167,103.95,302.16,58,100,3.72,TH,1684715640
554,sinop,41.7711,34.8709,282.88,93,15,0.91,TR,1684715640
555,neiafu,-18.65,-173.9833,300.53,78,75,2.57,TO,1684715641
556,yonggwang-up,40.0183,127.4547,292.98,43,0,2.41,KP,1684715641
557,mount isa,-20.7333,139.5,293.02,24,0,4.63,AU,1684715433
558,tuy hoa,13.0833,109.3,303.71,61,84,3.24,VN,1684715642
559,moussoro,13.6408,16.4901,304.78,37,52,4.23,TD,1684715642
560,santo antonio do ica,-3.1022,-67.9397,297.41,97,70,0.25,BR,1684715642
561,cooper's town,26.8667,-77.5167,299.16,74,35,5.07,BS,1684715643
562,alo,7.4178,6.7371,298.54,91,100,1.54,NG,1684715643
563,itoman,26.1247,127.6694,301.16,83,75,7.2,JP,1684715644
